set,metric,estimator,m,sigma,image,plane,n_tiles,neg_diag_frac,neg_eig_frac,neg_energy_frac,tiles_with_neg_frac,diag_dom_mean
LPIPS_hb8m256,LPIPS,hutchblock,256,0.0,kodim01,0,6144,0.014912923177083334,0.27567799886067706,0.1142005634015747,1.0,0.4265041972642589
LPIPS_hb8m256,LPIPS,hutchblock,256,0.0,kodim01,1,1536,0.001953125,0.2666727701822917,0.09132125914940196,1.0,0.5207104791699946
LPIPS_hb8m256,LPIPS,hutchblock,256,0.0,kodim01,2,1536,0.0019124348958333333,0.2804667154947917,0.08067818002583771,1.0,0.5123260939084314
LPIPS_hb8m256,LPIPS,hutchblock,256,0.0,kodim02,0,6144,0.01567840576171875,0.2927042643229167,0.11496029802009093,1.0,0.4205546345267717
LPIPS_hb8m256,LPIPS,hutchblock,256,0.0,kodim02,1,1536,0.009287516276041666,0.3137003580729167,0.15748719625473817,1.0,0.4421781550742498
LPIPS_hb8m256,LPIPS,hutchblock,256,0.0,kodim02,2,1536,0.011372884114583334,0.3188883463541667,0.15935108197414027,1.0,0.4421424100853333
LPIPS_hb8m256,LPIPS,hutchblock,256,0.0,kodim03,0,6144,0.019299825032552082,0.29426320393880206,0.13091067397673006,1.0,0.41575459605562176
LPIPS_hb8m256,LPIPS,hutchblock,256,0.0,kodim03,1,1536,0.011077880859375,0.2881978352864583,0.15154837706622315,1.0,0.4710471028883057
LPIPS_hb8m256,LPIPS,hutchblock,256,0.0,kodim03,2,1536,0.010182698567708334,0.3008321126302083,0.15971460084415615,1.0,0.4681623626924849
LPIPS_hb8m256,LPIPS,hutchblock,256,0.0,kodim04,0,6144,0.015101114908854166,0.29658762613932294,0.1344668451809878,1.0,0.40470361066841115
LPIPS_hb8m256,LPIPS,hutchblock,256,0.0,kodim04,1,1536,0.008392333984375,0.3042093912760417,0.14725683182959537,1.0,0.45141705459407966
LPIPS_hb8m256,LPIPS,hutchblock,256,0.0,kodim04,2,1536,0.008982340494791666,0.31048583984375,0.12869323993951295,1.0,0.4536992266633568
LPIPS_hb8m256,LPIPS,hutchblock,256,0.0,kodim05,0,6144,0.017842610677083332,0.2598826090494792,0.10527830856177496,1.0,0.4502434257707732
LPIPS_hb8m256,LPIPS,hutchblock,256,0.0,kodim05,1,1536,0.001861572265625,0.2586568196614583,0.07601224716684053,1.0,0.523895593882446
LPIPS_hb8m256,LPIPS,hutchblock,256,0.0,kodim05,2,1536,0.0010579427083333333,0.2706400553385417,0.07150769835156533,1.0,0.5191906441119075
LPIPS_hb8m256,LPIPS,hutchblock,256,0.0,kodim06,0,6144,0.016110738118489582,0.29987335205078125,0.11738069665263132,1.0,0.41213805934720327
LPIPS_hb8m256,LPIPS,hutchblock,256,0.0,kodim06,1,1536,0.004608154296875,0.2935384114583333,0.1440032271831878,1.0,0.4736752833219567
LPIPS_hb8m256,LPIPS,hutchblock,256,0.0,kodim06,2,1536,0.0026041666666666665,0.3053080240885417,0.112463122504707,1.0,0.4752274376010554
LPIPS_hb8m256,LPIPS,hutchblock,256,0.0,kodim07,0,6144,0.021148681640625,0.28622690836588544,0.11506769711794898,1.0,0.4211891539397891
LPIPS_hb8m256,LPIPS,hutchblock,256,0.0,kodim07,1,1536,0.008900960286458334,0.2761433919270833,0.13095848385732417,1.0,0.5040774683233962
LPIPS_hb8m256,LPIPS,hutchblock,256,0.0,kodim07,2,1536,0.00555419921875,0.2889302571614583,0.11159691624356502,1.0,0.49823472319101625
LPIPS_hb8m256,LPIPS,hutchblock,256,0.0,kodim08,0,6144,0.023653666178385418,0.2714436848958333,0.1146827579804867,1.0,0.4235689815371318
LPIPS_hb8m256,LPIPS,hutchblock,256,0.0,kodim08,1,1536,0.002227783203125,0.2678324381510417,0.09536999012536347,1.0,0.5183255399270243
LPIPS_hb8m256,LPIPS,hutchblock,256,0.0,kodim08,2,1536,0.001220703125,0.2745869954427083,0.08192542888972815,1.0,0.5218723819425456
LPIPS_hb8m256,LPIPS,hutchblock,256,0.0,kodim09,0,6144,0.0185546875,0.3021748860677083,0.14372296094037496,1.0,0.40605660680925376
LPIPS_hb8m256,LPIPS,hutchblock,256,0.0,kodim09,1,1536,0.005208333333333333,0.2915140787760417,0.13494705124831663,1.0,0.48465931443262206
LPIPS_hb8m256,LPIPS,hutchblock,256,0.0,kodim09,2,1536,0.004302978515625,0.3066609700520833,0.12939831194749923,1.0,0.48291712762921507
LPIPS_hb8m256,LPIPS,hutchblock,256,0.0,kodim10,0,6144,0.0166473388671875,0.27866363525390625,0.11646539039965899,1.0,0.42653048845831937
LPIPS_hb8m256,LPIPS,hutchblock,256,0.0,kodim10,1,1536,0.0035502115885416665,0.2679443359375,0.09749154224800692,1.0,0.5184946385701632
LPIPS_hb8m256,LPIPS,hutchblock,256,0.0,kodim10,2,1536,0.0037333170572916665,0.2900187174479167,0.10074763769039029,1.0,0.5058948663451917
LPIPS_hb8m256,LPIPS,hutchblock,256,0.0,kodim11,0,6144,0.018979390462239582,0.29577891031901044,0.10252275497381709,1.0,0.4135753460126068
LPIPS_hb8m256,LPIPS,hutchblock,256,0.0,kodim11,1,1536,0.0024210611979166665,0.2878824869791667,0.10506419662598211,1.0,0.4857812419283281
LPIPS_hb8m256,LPIPS,hutchblock,256,0.0,kodim11,2,1536,0.0031331380208333335,0.3063151041666667,0.10523419451713152,1.0,0.47189054336735897
LPIPS_hb8m256,LPIPS,hutchblock,256,0.0,kodim12,0,6144,0.01807403564453125,0.2972157796223958,0.12690848188422052,1.0,0.4156324402807747
LPIPS_hb8m256,LPIPS,hutchblock,256,0.0,kodim12,1,1536,0.007710774739583333,0.2966206868489583,0.14716552691940335,1.0,0.4720508148702755
LPIPS_hb8m256,LPIPS,hutchblock,256,0.0,kodim12,2,1536,0.004831949869791667,0.304931640625,0.11646581233814177,1.0,0.4820061041424391
LPIPS_hb8m256,LPIPS,hutchblock,256,0.0,kodim13,0,6144,0.0442047119140625,0.32353973388671875,0.17871809380220574,1.0,0.36331836582555327
LPIPS_hb8m256,LPIPS,hutchblock,256,0.0,kodim13,1,1536,0.005015055338541667,0.311553955078125,0.13110844610706435,1.0,0.43790682004316595
LPIPS_hb8m256,LPIPS,hutchblock,256,0.0,kodim13,2,1536,0.0015869140625,0.3137919108072917,0.10066684086898744,1.0,0.4543497570399657
LPIPS_hb8m256,LPIPS,hutchblock,256,0.0,kodim14,0,6144,0.020968119303385418,0.29536692301432294,0.15685203476898152,1.0,0.40128099005641654
LPIPS_hb8m256,LPIPS,hutchblock,256,0.0,kodim14,1,1536,0.0037638346354166665,0.289642333984375,0.11700912130955303,1.0,0.4707387108323466
LPIPS_hb8m256,LPIPS,hutchblock,256,0.0,kodim14,2,1536,0.002777099609375,0.299957275390625,0.10580604451907015,1.0,0.4814692979494479
LPIPS_hb8m256,LPIPS,hutchblock,256,0.0,kodim15,0,6144,0.023007710774739582,0.30503082275390625,0.12559584625728845,1.0,0.40168480855540567
LPIPS_hb8m256,LPIPS,hutchblock,256,0.0,kodim15,1,1536,0.011728922526041666,0.3118082682291667,0.16598799742948014,1.0,0.44467595938176174
LPIPS_hb8m256,LPIPS,hutchblock,256,0.0,kodim15,2,1536,0.012349446614583334,0.3202412923177083,0.1650132181447587,1.0,0.4412024633908727
LPIPS_hb8m256,LPIPS,hutchblock,256,0.0,kodim16,0,6144,0.021776835123697918,0.29777272542317706,0.12737031313973438,1.0,0.4012088386248284
LPIPS_hb8m256,LPIPS,hutchblock,256,0.0,kodim16,1,1536,0.004567464192708333,0.2847391764322917,0.12166640351069008,1.0,0.46963512021186266
LPIPS_hb8m256,LPIPS,hutchblock,256,0.0,kodim16,2,1536,0.0036722819010416665,0.2993062337239583,0.12553987613287054,1.0,0.4684571587124899
LPIPS_hb8m256,LPIPS,hutchblock,256,0.0,kodim17,0,6144,0.022432963053385418,0.29446665445963544,0.14323090868075722,1.0,0.39828463561542576
LPIPS_hb8m256,LPIPS,hutchblock,256,0.0,kodim17,1,1536,0.004679361979166667,0.2853291829427083,0.12623928833220804,1.0,0.47137229413482534
LPIPS_hb8m256,LPIPS,hutchblock,256,0.0,kodim17,2,1536,0.0030924479166666665,0.3002726236979167,0.12105341969819705,1.0,0.47037600297408777
LPIPS_hb8m256,LPIPS,hutchblock,256,0.0,kodim18,0,6144,0.029752095540364582,0.2970377604166667,0.14368347240927812,1.0,0.3870021254777736
LPIPS_hb8m256,LPIPS,hutchblock,256,0.0,kodim18,1,1536,0.005727132161458333,0.2968037923177083,0.11125150032235183,1.0,0.4575471918295045
LPIPS_hb8m256,LPIPS,hutchblock,256,0.0,kodim18,2,1536,0.0034281412760416665,0.3059285481770833,0.09917277302406255,1.0,0.4659998990595729
LPIPS_hb8m256,LPIPS,hutchblock,256,0.0,kodim19,0,6144,0.025998433430989582,0.3076171875,0.15749557540108086,1.0,0.3817116097039051
LPIPS_hb8m256,LPIPS,hutchblock,256,0.0,kodim19,1,1536,0.007191975911458333,0.3004353841145833,0.14752900270468838,1.0,0.44766753615477434
LPIPS_hb8m256,LPIPS,hutchblock,256,0.0,kodim19,2,1536,0.0040283203125,0.307830810546875,0.13578974072104594,1.0,0.4538391604433903
LPIPS_hb8m256,LPIPS,hutchblock,256,0.0,kodim20,0,6144,0.01422882080078125,0.2823842366536458,0.13107010635760127,1.0,0.44119951686262304
LPIPS_hb8m256,LPIPS,hutchblock,256,0.0,kodim20,1,1536,0.008473714192708334,0.2913920084635417,0.1957947562505204,1.0,0.4831939517548664
LPIPS_hb8m256,LPIPS,hutchblock,256,0.0,kodim20,2,1536,0.006703694661458333,0.2931722005208333,0.17163173219831562,1.0,0.4918729150269468
LPIPS_hb8m256,LPIPS,hutchblock,256,0.0,kodim21,0,6144,0.027277628580729168,0.3082682291666667,0.12848804288868404,1.0,0.39282576555264964
LPIPS_hb8m256,LPIPS,hutchblock,256,0.0,kodim21,1,1536,0.004486083984375,0.3021341959635417,0.13271498379287633,1.0,0.4610738231700853
LPIPS_hb8m256,LPIPS,hutchblock,256,0.0,kodim21,2,1536,0.0037740071614583335,0.3155619303385417,0.14636404226789387,1.0,0.45596109639095705
LPIPS_hb8m256,LPIPS,hutchblock,256,0.0,kodim22,0,6144,0.022610982259114582,0.2949269612630208,0.13833198028791235,1.0,0.39508187292596625
LPIPS_hb8m256,LPIPS,hutchblock,256,0.0,kodim22,1,1536,0.006754557291666667,0.299346923828125,0.1459775237891807,1.0,0.45143645755339756
LPIPS_hb8m256,LPIPS,hutchblock,256,0.0,kodim22,2,1536,0.0033365885416666665,0.303558349609375,0.1098804096545646,1.0,0.46567811221802446
LPIPS_hb8m256,LPIPS,hutchblock,256,0.0,kodim23,0,6144,0.014798482259114584,0.31408437093098956,0.14372016520029204,1.0,0.4028208922720608
LPIPS_hb8m256,LPIPS,hutchblock,256,0.0,kodim23,1,1536,0.015706380208333332,0.3189188639322917,0.1876772225129815,1.0,0.4234307983751416
LPIPS_hb8m256,LPIPS,hutchblock,256,0.0,kodim23,2,1536,0.011515299479166666,0.3246663411458333,0.15980173749749085,1.0,0.43524779947197284
LPIPS_hb8m256,LPIPS,hutchblock,256,0.0,kodim24,0,6144,0.02397918701171875,0.2721201578776042,0.11092190458437533,1.0,0.42293187045788844
LPIPS_hb8m256,LPIPS,hutchblock,256,0.0,kodim24,1,1536,0.0025431315104166665,0.2564595540364583,0.08552653573920636,1.0,0.5256873675113022
LPIPS_hb8m256,LPIPS,hutchblock,256,0.0,kodim24,2,1536,0.001251220703125,0.2742818196614583,0.08261522095893181,1.0,0.5110446962008306
LPIPS_hb8m256,LPIPS,hutchblock,256,0.0,MEAN(24),0,147456,0.02112664116753472,0.2934628592597114,0.13008524470285368,1.0,0.40940845135839216
LPIPS_hb8m256,LPIPS,hutchblock,256,0.0,MEAN(24),1,36864,0.006159888373480902,0.290061526828342,0.13112952964479938,1.0,0.47544494658066155
LPIPS_hb8m256,LPIPS,hutchblock,256,0.0,MEAN(24),2,36864,0.004850175645616319,0.3006930881076389,0.12004630337302351,1.0,0.47621092835662066
DISTS_dhb8m256,DISTS,hutchblock,256,0.0,kodim01,0,6144,0.41237640380859375,0.4476369222005208,0.41442199119185563,1.0,0.18009900257662315
DISTS_dhb8m256,DISTS,hutchblock,256,0.0,kodim01,1,1536,0.3837890625,0.464508056640625,0.41994124114357917,1.0,0.18176441531808227
DISTS_dhb8m256,DISTS,hutchblock,256,0.0,kodim01,2,1536,0.3665568033854167,0.4692789713541667,0.40613771438662294,1.0,0.18636508934783103
DISTS_dhb8m256,DISTS,hutchblock,256,0.0,kodim02,0,6144,0.37959543863932294,0.41051483154296875,0.42296610225528464,1.0,0.18308015438927627
DISTS_dhb8m256,DISTS,hutchblock,256,0.0,kodim02,1,1536,0.361572265625,0.3940531412760417,0.4368200870449424,1.0,0.18423273674960794
DISTS_dhb8m256,DISTS,hutchblock,256,0.0,kodim02,2,1536,0.3866780598958333,0.4406840006510417,0.42874262812448277,1.0,0.18167045438425541
DISTS_dhb8m256,DISTS,hutchblock,256,0.0,kodim03,0,6144,0.4073384602864583,0.47186279296875,0.41740715321284105,1.0,0.18029384354592834
DISTS_dhb8m256,DISTS,hutchblock,256,0.0,kodim03,1,1536,0.4165547688802083,0.4757080078125,0.438560305872251,1.0,0.17871003460286602
DISTS_dhb8m256,DISTS,hutchblock,256,0.0,kodim03,2,1536,0.4093831380208333,0.48046875,0.43711172954824606,1.0,0.18026051964225984
DISTS_dhb8m256,DISTS,hutchblock,256,0.0,kodim04,0,6144,0.3970235188802083,0.4648640950520833,0.42542237973819264,1.0,0.1821968221300523
DISTS_dhb8m256,DISTS,hutchblock,256,0.0,kodim04,1,1536,0.3992818196614583,0.4720865885416667,0.4336841605789592,1.0,0.18130750577846055
DISTS_dhb8m256,DISTS,hutchblock,256,0.0,kodim04,2,1536,0.3843892415364583,0.4705098470052083,0.4208634964112175,1.0,0.18298328233725947
DISTS_dhb8m256,DISTS,hutchblock,256,0.0,kodim05,0,6144,0.37560272216796875,0.44060007731119794,0.4263539066349482,1.0,0.18551967431170358
DISTS_dhb8m256,DISTS,hutchblock,256,0.0,kodim05,1,1536,0.3249715169270833,0.4514261881510417,0.4159398690052455,1.0,0.19140573814750259
DISTS_dhb8m256,DISTS,hutchblock,256,0.0,kodim05,2,1536,0.3185017903645833,0.4664815266927083,0.3972966232487673,1.0,0.19479554807279154
DISTS_dhb8m256,DISTS,hutchblock,256,0.0,kodim06,0,6144,0.4051666259765625,0.46072642008463544,0.4171007316914617,1.0,0.18070190223151214
DISTS_dhb8m256,DISTS,hutchblock,256,0.0,kodim06,1,1536,0.3859456380208333,0.46319580078125,0.41872501837389337,1.0,0.18170220959347108
DISTS_dhb8m256,DISTS,hutchblock,256,0.0,kodim06,2,1536,0.3736979166666667,0.477325439453125,0.39268450701677826,1.0,0.18436169848254003
DISTS_dhb8m256,DISTS,hutchblock,256,0.0,kodim07,0,6144,0.3917795817057292,0.459228515625,0.4138251478820661,1.0,0.18297830142603422
DISTS_dhb8m256,DISTS,hutchblock,256,0.0,kodim07,1,1536,0.3944091796875,0.4651387532552083,0.4289105990826048,1.0,0.18072472266465175
DISTS_dhb8m256,DISTS,hutchblock,256,0.0,kodim07,2,1536,0.378570556640625,0.4740397135416667,0.4126913411330996,1.0,0.18365053493851602
DISTS_dhb8m256,DISTS,hutchblock,256,0.0,kodim08,0,6144,0.41143798828125,0.45932769775390625,0.4302523670519576,1.0,0.18054828283417232
DISTS_dhb8m256,DISTS,hutchblock,256,0.0,kodim08,1,1536,0.3814697265625,0.4666748046875,0.412529759357267,1.0,0.1824084706831409
DISTS_dhb8m256,DISTS,hutchblock,256,0.0,kodim08,2,1536,0.3676249186197917,0.4760640462239583,0.3978169668293748,1.0,0.1846241041420212
DISTS_dhb8m256,DISTS,hutchblock,256,0.0,kodim09,0,6144,0.38325754801432294,0.46124267578125,0.4191635265804663,1.0,0.1835166084199765
DISTS_dhb8m256,DISTS,hutchblock,256,0.0,kodim09,1,1536,0.3657633463541667,0.4627278645833333,0.43101805681804006,1.0,0.1847260547581391
DISTS_dhb8m256,DISTS,hutchblock,256,0.0,kodim09,2,1536,0.3695882161458333,0.4752705891927083,0.43377794564737826,1.0,0.1867456255540422
DISTS_dhb8m256,DISTS,hutchblock,256,0.0,kodim10,0,6144,0.38208770751953125,0.46621958414713544,0.4142996586451284,1.0,0.18312383794395196
DISTS_dhb8m256,DISTS,hutchblock,256,0.0,kodim10,1,1536,0.3636983235677083,0.4653116861979167,0.4140739120110678,1.0,0.18419793888681965
DISTS_dhb8m256,DISTS,hutchblock,256,0.0,kodim10,2,1536,0.3662821451822917,0.4762166341145833,0.4113339992703198,1.0,0.18512111480316473
DISTS_dhb8m256,DISTS,hutchblock,256,0.0,kodim11,0,6144,0.3946990966796875,0.45709228515625,0.42277141026003145,1.0,0.18241960522599596
DISTS_dhb8m256,DISTS,hutchblock,256,0.0,kodim11,1,1536,0.369781494140625,0.4647013346354167,0.41176606636713037,1.0,0.18417422083079696
DISTS_dhb8m256,DISTS,hutchblock,256,0.0,kodim11,2,1536,0.3635660807291667,0.467620849609375,0.40946894258180067,1.0,0.18498352039188556
DISTS_dhb8m256,DISTS,hutchblock,256,0.0,kodim12,0,6144,0.4082082112630208,0.46752675374348956,0.4267083843764088,1.0,0.1801079798540286
DISTS_dhb8m256,DISTS,hutchblock,256,0.0,kodim12,1,1536,0.414703369140625,0.4740397135416667,0.4316023016968594,1.0,0.17942140604627752
DISTS_dhb8m256,DISTS,hutchblock,256,0.0,kodim12,2,1536,0.3934224446614583,0.4747721354166667,0.404012727354952,1.0,0.18129622893879274
DISTS_dhb8m256,DISTS,hutchblock,256,0.0,kodim13,0,6144,0.42952219645182294,0.4621378580729167,0.43796455463347594,1.0,0.1782149032285569
DISTS_dhb8m256,DISTS,hutchblock,256,0.0,kodim13,1,1536,0.3828226725260417,0.4742024739583333,0.39188881015137855,1.0,0.18332574417542538
DISTS_dhb8m256,DISTS,hutchblock,256,0.0,kodim13,2,1536,0.35577392578125,0.47808837890625,0.36343084466019376,1.0,0.18836912053680502
DISTS_dhb8m256,DISTS,hutchblock,256,0.0,kodim14,0,6144,0.4046071370442708,0.45741526285807294,0.42428909927012515,1.0,0.18089186832303691
DISTS_dhb8m256,DISTS,hutchblock,256,0.0,kodim14,1,1536,0.368072509765625,0.461700439453125,0.4176799311152161,1.0,0.1848453647662762
DISTS_dhb8m256,DISTS,hutchblock,256,0.0,kodim14,2,1536,0.3662312825520833,0.478057861328125,0.4131108513808743,1.0,0.18577004886317253
DISTS_dhb8m256,DISTS,hutchblock,256,0.0,kodim15,0,6144,0.391632080078125,0.47759246826171875,0.4207617910710014,1.0,0.18268146121974174
DISTS_dhb8m256,DISTS,hutchblock,256,0.0,kodim15,1,1536,0.4005635579427083,0.4817301432291667,0.4272216204590127,1.0,0.18082297915505693
DISTS_dhb8m256,DISTS,hutchblock,256,0.0,kodim15,2,1536,0.394073486328125,0.4814046223958333,0.4294314730588723,1.0,0.18230294157898494
DISTS_dhb8m256,DISTS,hutchblock,256,0.0,kodim16,0,6144,0.411834716796875,0.46809641520182294,0.41222868996831014,1.0,0.17981768558065545
DISTS_dhb8m256,DISTS,hutchblock,256,0.0,kodim16,1,1536,0.390380859375,0.4757893880208333,0.42397682563462646,1.0,0.1826477410459856
DISTS_dhb8m256,DISTS,hutchblock,256,0.0,kodim16,2,1536,0.3845926920572917,0.4824117024739583,0.4231669296274788,1.0,0.18337006260553315
DISTS_dhb8m256,DISTS,hutchblock,256,0.0,kodim17,0,6144,0.3965403238932292,0.47737375895182294,0.42928121948786063,1.0,0.1813451032519615
DISTS_dhb8m256,DISTS,hutchblock,256,0.0,kodim17,1,1536,0.3715108235677083,0.48040771484375,0.40865413454646643,1.0,0.18425992121514254
DISTS_dhb8m256,DISTS,hutchblock,256,0.0,kodim17,2,1536,0.3553365071614583,0.483184814453125,0.39714686639089813,1.0,0.18764236161467865
DISTS_dhb8m256,DISTS,hutchblock,256,0.0,kodim18,0,6144,0.3815867106119792,0.44762420654296875,0.4169723487471024,1.0,0.18386746884395846
DISTS_dhb8m256,DISTS,hutchblock,256,0.0,kodim18,1,1536,0.336395263671875,0.4487508138020833,0.39738352587143694,1.0,0.19031558337340973
DISTS_dhb8m256,DISTS,hutchblock,256,0.0,kodim18,2,1536,0.3325398763020833,0.4758402506510417,0.3894317958813821,1.0,0.19071912506469021
DISTS_dhb8m256,DISTS,hutchblock,256,0.0,kodim19,0,6144,0.4078369140625,0.46319325764973956,0.42442323574507707,1.0,0.18032630862272206
DISTS_dhb8m256,DISTS,hutchblock,256,0.0,kodim19,1,1536,0.3878377278645833,0.4690958658854167,0.42385500799773557,1.0,0.18133788978727142
DISTS_dhb8m256,DISTS,hutchblock,256,0.0,kodim19,2,1536,0.3813374837239583,0.4776204427083333,0.4185159309858544,1.0,0.18440767975687247
DISTS_dhb8m256,DISTS,hutchblock,256,0.0,kodim20,0,6144,0.372283935546875,0.43272145589192706,0.41190323999928014,1.0,0.1936708071319169
DISTS_dhb8m256,DISTS,hutchblock,256,0.0,kodim20,1,1536,0.3707377115885417,0.44696044921875,0.41402391091735774,1.0,0.18784443761451738
DISTS_dhb8m256,DISTS,hutchblock,256,0.0,kodim20,2,1536,0.3599039713541667,0.4460652669270833,0.402818943239249,1.0,0.19008272619007513
DISTS_dhb8m256,DISTS,hutchblock,256,0.0,kodim21,0,6144,0.42428843180338544,0.46899159749348956,0.4296025220280754,1.0,0.17862691084238366
DISTS_dhb8m256,DISTS,hutchblock,256,0.0,kodim21,1,1536,0.4036458333333333,0.4779866536458333,0.396802522562125,1.0,0.1807560081588814
DISTS_dhb8m256,DISTS,hutchblock,256,0.0,kodim21,2,1536,0.406005859375,0.4784138997395833,0.40568669655294654,1.0,0.18140816361027123
DISTS_dhb8m256,DISTS,hutchblock,256,0.0,kodim22,0,6144,0.4207204182942708,0.46925099690755206,0.42419724111564266,1.0,0.17899064653317023
DISTS_dhb8m256,DISTS,hutchblock,256,0.0,kodim22,1,1536,0.4083150227864583,0.4763081868489583,0.4227307781437305,1.0,0.1784063861473796
DISTS_dhb8m256,DISTS,hutchblock,256,0.0,kodim22,2,1536,0.3914998372395833,0.4800618489583333,0.40163105712463026,1.0,0.1816351614795081
DISTS_dhb8m256,DISTS,hutchblock,256,0.0,kodim23,0,6144,0.37195587158203125,0.4741058349609375,0.40599045243556525,1.0,0.18523093787962197
DISTS_dhb8m256,DISTS,hutchblock,256,0.0,kodim23,1,1536,0.39276123046875,0.4752400716145833,0.4262323045984459,1.0,0.18090879133575455
DISTS_dhb8m256,DISTS,hutchblock,256,0.0,kodim23,2,1536,0.3873291015625,0.480682373046875,0.4178053838300575,1.0,0.18295347136673437
DISTS_dhb8m256,DISTS,hutchblock,256,0.0,kodim24,0,6144,0.413177490234375,0.4608510335286458,0.42290707475001166,1.0,0.1803892000431381
DISTS_dhb8m256,DISTS,hutchblock,256,0.0,kodim24,1,1536,0.3898824055989583,0.4716796875,0.4197533165366976,1.0,0.18248438777204043
DISTS_dhb8m256,DISTS,hutchblock,256,0.0,kodim24,2,1536,0.376312255859375,0.4763081868489583,0.3988098217181633,1.0,0.18364915819042282
DISTS_dhb8m256,DISTS,hutchblock,256,0.0,MEAN(24),0,147456,0.3989399804009332,0.4594248665703668,0.4213005928655071,1.0,0.18202663818292164
DISTS_dhb8m256,DISTS,hutchblock,256,0.0,MEAN(24),1,36864,0.3818694220648871,0.4649759928385417,0.4193239194119196,1.0,0.18303044535862323
DISTS_dhb8m256,DISTS,hutchblock,256,0.0,MEAN(24),2,36864,0.373716566297743,0.4736196729871962,0.4088718840001517,1.0,0.18496532257887952
