kind,image,metric,config,qp,m,enc_time_s,map_time_s,corr
enc,kodim01,-,anchor,22,,131.021,,
enc,kodim01,-,anchor,27,,115.655,,
enc,kodim01,-,anchor,32,,94.388,,
enc,kodim01,-,anchor,37,,70.200,,
enc,kodim01,DISTS,block,22,,144.981,,
enc,kodim01,DISTS,block,27,,128.655,,
enc,kodim01,DISTS,block,32,,105.165,,
enc,kodim01,DISTS,block,37,,73.573,,
enc,kodim01,DISTS,diag,22,,134.015,,
enc,kodim01,DISTS,diag,27,,116.057,,
enc,kodim01,DISTS,diag,32,,96.040,,
enc,kodim01,DISTS,diag,37,,63.884,,
enc,kodim01,LPIPS,block,22,,156.632,,
enc,kodim01,LPIPS,block,27,,133.215,,
enc,kodim01,LPIPS,block,32,,112.684,,
enc,kodim01,LPIPS,block,37,,78.824,,
enc,kodim01,LPIPS,diag,22,,138.885,,
enc,kodim01,LPIPS,diag,27,,119.802,,
enc,kodim01,LPIPS,diag,32,,98.330,,
enc,kodim01,LPIPS,diag,37,,66.721,,
enc,kodim01,MS_SSIM,block,22,,144.711,,
enc,kodim01,MS_SSIM,block,27,,130.516,,
enc,kodim01,MS_SSIM,block,32,,108.779,,
enc,kodim01,MS_SSIM,block,37,,80.487,,
enc,kodim01,MS_SSIM,diag,22,,134.753,,
enc,kodim01,MS_SSIM,diag,27,,117.498,,
enc,kodim01,MS_SSIM,diag,32,,98.415,,
enc,kodim01,MS_SSIM,diag,37,,70.470,,
enc,kodim01,SSIM,block,22,,141.552,,
enc,kodim01,SSIM,block,27,,117.518,,
enc,kodim01,SSIM,block,32,,102.435,,
enc,kodim01,SSIM,block,37,,77.300,,
enc,kodim01,SSIM,diag,22,,133.956,,
enc,kodim01,SSIM,diag,27,,116.327,,
enc,kodim01,SSIM,diag,32,,98.872,,
enc,kodim01,SSIM,diag,37,,69.502,,
enc,kodim01,WD,block,22,,152.923,,
enc,kodim01,WD,block,27,,134.035,,
enc,kodim01,WD,block,32,,114.818,,
enc,kodim01,WD,block,37,,87.689,,
enc,kodim01,WD,diag,22,,133.635,,
enc,kodim01,WD,diag,27,,117.055,,
enc,kodim01,WD,diag,32,,98.840,,
enc,kodim01,WD,diag,37,,68.593,,
enc,kodim02,-,anchor,22,,118.955,,
enc,kodim02,-,anchor,27,,81.049,,
enc,kodim02,-,anchor,32,,50.249,,
enc,kodim02,-,anchor,37,,24.734,,
enc,kodim02,DISTS,block,22,,125.494,,
enc,kodim02,DISTS,block,27,,84.983,,
enc,kodim02,DISTS,block,32,,53.002,,
enc,kodim02,DISTS,block,37,,25.859,,
enc,kodim02,DISTS,diag,22,,114.462,,
enc,kodim02,DISTS,diag,27,,74.938,,
enc,kodim02,DISTS,diag,32,,44.001,,
enc,kodim02,DISTS,diag,37,,21.936,,
enc,kodim02,LPIPS,block,22,,152.725,,
enc,kodim02,LPIPS,block,27,,104.963,,
enc,kodim02,LPIPS,block,32,,62.473,,
enc,kodim02,LPIPS,block,37,,27.573,,
enc,kodim02,LPIPS,diag,22,,128.155,,
enc,kodim02,LPIPS,diag,27,,85.028,,
enc,kodim02,LPIPS,diag,32,,47.827,,
enc,kodim02,LPIPS,diag,37,,20.787,,
enc,kodim02,MS_SSIM,block,22,,134.118,,
enc,kodim02,MS_SSIM,block,27,,93.448,,
enc,kodim02,MS_SSIM,block,32,,62.034,,
enc,kodim02,MS_SSIM,block,37,,31.400,,
enc,kodim02,MS_SSIM,diag,22,,124.113,,
enc,kodim02,MS_SSIM,diag,27,,83.206,,
enc,kodim02,MS_SSIM,diag,32,,49.894,,
enc,kodim02,MS_SSIM,diag,37,,23.349,,
enc,kodim02,SSIM,block,22,,126.649,,
enc,kodim02,SSIM,block,27,,93.333,,
enc,kodim02,SSIM,block,32,,61.029,,
enc,kodim02,SSIM,block,37,,34.231,,
enc,kodim02,SSIM,diag,22,,125.432,,
enc,kodim02,SSIM,diag,27,,83.290,,
enc,kodim02,SSIM,diag,32,,51.959,,
enc,kodim02,SSIM,diag,37,,23.437,,
enc,kodim02,WD,block,22,,142.938,,
enc,kodim02,WD,block,27,,105.593,,
enc,kodim02,WD,block,32,,69.945,,
enc,kodim02,WD,block,37,,36.872,,
enc,kodim02,WD,diag,22,,124.403,,
enc,kodim02,WD,diag,27,,82.966,,
enc,kodim02,WD,diag,32,,50.623,,
enc,kodim02,WD,diag,37,,23.368,,
enc,kodim03,-,anchor,22,,72.302,,
enc,kodim03,-,anchor,27,,50.512,,
enc,kodim03,-,anchor,32,,34.902,,
enc,kodim03,-,anchor,37,,20.767,,
enc,kodim03,DISTS,block,22,,85.511,,
enc,kodim03,DISTS,block,27,,60.277,,
enc,kodim03,DISTS,block,32,,40.968,,
enc,kodim03,DISTS,block,37,,23.379,,
enc,kodim03,DISTS,diag,22,,73.244,,
enc,kodim03,DISTS,diag,27,,49.326,,
enc,kodim03,DISTS,diag,32,,33.400,,
enc,kodim03,DISTS,diag,37,,18.751,,
enc,kodim03,LPIPS,block,22,,98.769,,
enc,kodim03,LPIPS,block,27,,64.894,,
enc,kodim03,LPIPS,block,32,,40.225,,
enc,kodim03,LPIPS,block,37,,20.826,,
enc,kodim03,LPIPS,diag,22,,75.607,,
enc,kodim03,LPIPS,diag,27,,49.044,,
enc,kodim03,LPIPS,diag,32,,31.814,,
enc,kodim03,LPIPS,diag,37,,16.794,,
enc,kodim03,MS_SSIM,block,22,,86.803,,
enc,kodim03,MS_SSIM,block,27,,62.629,,
enc,kodim03,MS_SSIM,block,32,,42.935,,
enc,kodim03,MS_SSIM,block,37,,24.372,,
enc,kodim03,MS_SSIM,diag,22,,73.703,,
enc,kodim03,MS_SSIM,diag,27,,51.069,,
enc,kodim03,MS_SSIM,diag,32,,34.554,,
enc,kodim03,MS_SSIM,diag,37,,18.839,,
enc,kodim03,SSIM,block,22,,80.133,,
enc,kodim03,SSIM,block,27,,61.914,,
enc,kodim03,SSIM,block,32,,44.308,,
enc,kodim03,SSIM,block,37,,27.096,,
enc,kodim03,SSIM,diag,22,,74.551,,
enc,kodim03,SSIM,diag,27,,50.768,,
enc,kodim03,SSIM,diag,32,,34.420,,
enc,kodim03,SSIM,diag,37,,19.691,,
enc,kodim03,WD,block,22,,90.226,,
enc,kodim03,WD,block,27,,67.547,,
enc,kodim03,WD,block,32,,48.436,,
enc,kodim03,WD,block,37,,29.416,,
enc,kodim03,WD,diag,22,,75.106,,
enc,kodim03,WD,diag,27,,50.694,,
enc,kodim03,WD,diag,32,,34.776,,
enc,kodim03,WD,diag,37,,19.439,,
map,kodim01,LPIPS,diag,,16,,7.02,0.769
map,kodim01,LPIPS,diag,,32,,14.03,0.864
map,kodim01,LPIPS,diag,,64,,28.05,0.930
map,kodim01,LPIPS,diag,,128,,55.94,0.968
map,kodim01,LPIPS,diag,,256,,111.84,0.989
map,kodim01,LPIPS,block,,16,,6.74,0.521
map,kodim01,LPIPS,block,,32,,13.32,0.658
map,kodim01,LPIPS,block,,64,,26.27,0.787
map,kodim01,LPIPS,block,,128,,52.04,0.890
map,kodim01,LPIPS,block,,256,,104.38,0.959
map,kodim01,DISTS,diag,,16,,7.31,0.360
map,kodim01,DISTS,diag,,32,,14.59,0.490
map,kodim01,DISTS,diag,,64,,29.13,0.693
map,kodim01,DISTS,diag,,128,,58.35,0.798
map,kodim01,DISTS,diag,,256,,116.50,0.911
map,kodim01,DISTS,block,,16,,7.00,0.304
map,kodim01,DISTS,block,,32,,13.67,0.402
map,kodim01,DISTS,block,,64,,27.11,0.605
map,kodim01,DISTS,block,,128,,54.08,0.702
map,kodim01,DISTS,block,,256,,108.25,0.855
map,kodim01,SSIM,diag,,16,,0.61,0.707
map,kodim01,SSIM,diag,,32,,1.21,0.820
map,kodim01,SSIM,diag,,64,,2.42,0.902
map,kodim01,SSIM,diag,,128,,4.86,0.954
map,kodim01,SSIM,diag,,256,,9.70,0.984
map,kodim01,SSIM,block,,16,,0.74,0.529
map,kodim01,SSIM,block,,32,,1.36,0.668
map,kodim01,SSIM,block,,64,,2.61,0.795
map,kodim01,SSIM,block,,128,,5.11,0.894
map,kodim01,SSIM,block,,256,,10.10,0.961
map,kodim01,MS_SSIM,diag,,16,,7.49,0.937
map,kodim01,MS_SSIM,diag,,32,,14.95,0.967
map,kodim01,MS_SSIM,diag,,64,,29.86,0.984
map,kodim01,MS_SSIM,diag,,128,,59.72,0.993
map,kodim01,MS_SSIM,diag,,256,,119.37,0.998
map,kodim01,MS_SSIM,block,,16,,7.61,0.516
map,kodim01,MS_SSIM,block,,32,,15.07,0.655
map,kodim01,MS_SSIM,block,,64,,30.03,0.785
map,kodim01,MS_SSIM,block,,128,,59.88,0.889
map,kodim01,MS_SSIM,block,,256,,119.40,0.958
