metric,decision,bit,ref_target,loo_mask,loo_target,loo_inside,gain_lost,one_mask,one_target,one_inside,one_peak,one_peak_tau,one_peak_cost,one_max_cost,loo_psnr_y,loo_ssim,loo_ms_ssim,loo_lpips,loo_dists,loo_wd2,one_psnr_y,one_ssim,one_ms_ssim,one_lpips,one_dists,one_wd2
SSIM,partition,0,-23.61153085562493,254,-14.240040290189942,1,9.37149056543499,1,-14.281823867300181,1,-14.338728443542786,0.125,10.360316328501229,10.360316328501229,8.147867030177343,-14.240040290189942,-6.008945468826233,-3.6408529835752845,-0.7990777056597866,-4.6783449051319455,8.147867030177343,-14.281823867300181,-3.49221463826716,1.5931274590218587,3.369491853559309,-0.5766053660955301
SSIM,LFNST index,1,-23.61153085562493,253,-22.15095939430541,1,1.460571461319521,2,-1.2564980115789328,0,-1.7468622291785352,0.5,0.9130515515402116,2.575373455532134,8.147867030177343,-22.15095939430541,-7.939490595080261,-2.4235721815667417,1.3166792047346272,-4.878403919348441,2.575373455532134,-1.2564980115789328,0.10943363093207416,0.41229180115209313,-0.48691885138354235,0.1799701912521138
SSIM,MTS flag,2,-23.61153085562493,251,-22.8447895470661,1,0.7667413085588315,4,-2.2838889781556753,0,-2.3473408641774016,0.25,0.7266936222075664,0.9127100700131544,8.147867030177343,-22.8447895470661,-7.969811924108323,-1.974720676085473,1.8283177386283895,-4.763310808173347,0.9127100700131544,-2.2838889781556753,-0.6131948524896629,0.12635811463943686,0.30605556886464663,-0.3127807352736947
SSIM,MTS/TS type,3,-23.61153085562493,247,-23.19438602440844,1,0.4171448312164898,8,0.6847684974795829,0,-0.06694798671024044,4.0,0.16537643407166883,1.1653457111762116,8.147867030177343,-23.19438602440844,-7.952338612858325,-2.2767233451138447,0.9836735278894606,-5.015891521190752,1.1653457111762116,0.6847684974795829,0.8153134849896039,0.5897976751801588,-0.11679764872117038,0.569598814743895
SSIM,luma mode,4,-23.61153085562493,239,-21.243300818854152,1,2.368230036770779,16,-4.165108028159969,0,-4.260191634732631,0.0625,1.6899257147135287,1.7618890010178874,8.147867030177343,-21.243300818854152,-7.556524815335552,-1.7777919605046173,1.9309564392718175,-4.553665161425442,1.7618890010178874,-4.165108028159969,-0.8426174424104617,-0.10667414430956719,-0.4691091271965912,-0.5706450813132243
SSIM,ISP,5,-23.61153085562493,223,-22.601600047427244,1,1.0099308081976872,32,0.898894576378198,0,-0.3282470153417159,2.0,0.29649776023719193,2.2281247022810913,8.147867030177343,-22.601600047427244,-7.736269237757391,-2.1190792491688155,1.900043573297938,-4.675173605394954,2.2281247022810913,0.898894576378198,1.2492080535246741,1.5556593311168248,0.2679468852728633,1.1194874777804324
SSIM,chroma,6,-23.61153085562493,191,-23.61153085562493,1,0.0,64,0.0,0,0.0,0.5,0.0,0.0,8.147867030177343,-23.61153085562493,-8.310610003447112,-2.45532165753652,1.5650752528482377,-5.2294899865755875,0.0,0.0,0.0,0.0,0.0,0.0
SSIM,RDOQ lambda,7,-23.61153085562493,127,-22.759386839444478,1,0.8521440161804534,128,-3.0527774451612637,1,-3.3195260344924016,0.03125,12.222826491358704,12.222826491358704,8.147867030177343,-22.759386839444478,-6.896602634853311,-0.7009058500468255,2.345995924517308,-3.7115147698400004,8.147867030177343,-3.0527774451612637,-2.1634324133290384,0.18003200621479612,3.842416474755789,-1.63615225333304
MS_SSIM,partition,0,-16.829235384545314,254,,,,1,-9.058672671567571,1,-9.153518905567354,0.125,6.440824324777995,8.469904455527919,,,,,,,8.147867030177343,-7.734951729854417,-9.058672671567571,-0.5487960746138163,1.1965370717755561,-2.9178679819530173
MS_SSIM,LFNST index,1,-16.829235384545314,253,,,,2,-0.6278547305527451,0,-1.1658392404044153,0.5,0.7179293650727615,2.3632985743498054,,,,,,,2.3632985743498054,-0.5050063143850986,-0.6278547305527451,-0.012583857517989757,-0.28279710174333406,-0.037823400569660104
MS_SSIM,MTS flag,2,-16.829235384545314,251,,,,4,-1.4044449239198482,0,-1.5026561568056735,0.0625,0.6675371457894532,0.7109918227526434,,,,,,,0.7109918227526434,-1.0243170277811584,-1.4044449239198482,-0.17875591674304384,-0.6763114396545292,-0.6230499128187869
MS_SSIM,MTS/TS type,3,-16.829235384545314,247,,,,8,0.5496063433713172,0,0.04105683431893566,4.0,0.17495938827635596,0.9434934328124487,,,,,,,0.9434934328124487,0.6706295092711617,0.5496063433713172,0.5515862164112868,-0.21686548061275598,0.34439722132433803
MS_SSIM,luma mode,4,-16.829235384545314,239,,,,16,,,,,,,,,,,,,,,,,,
MS_SSIM,ISP,5,-16.829235384545314,223,,,,32,,,,,,,,,,,,,,,,,,
MS_SSIM,chroma,6,-16.829235384545314,191,,,,64,,,,,,,,,,,,,,,,,,
MS_SSIM,RDOQ lambda,7,-16.829235384545314,127,,,,128,,,,,,,,,,,,,,,,,,
LPIPS,partition,0,-15.541953283606423,254,-9.206380684511796,1,6.335572599094627,1,-6.645055381093435,0,-7.390228431122115,0.5,3.292668736019339,6.325590827624745,8.147867030177343,-4.503968892806332,-3.720949194069859,-9.206380684511796,-6.029867428567319,-7.015792261200485,6.325590827624745,-0.49698568759733214,-0.2954091545255319,-6.645055381093435,-5.771717327326345,-4.002935161548101
LPIPS,LFNST index,1,-15.541953283606423,253,-14.79475302144381,1,0.7472002621626128,2,0.1988501090060416,0,-1.2755510321576615,1.0,0.3556380566579069,2.89039646329609,8.147867030177343,-6.005824026025284,-5.236784511633283,-14.79475302144381,-10.631670449932093,-11.578083385190185,2.89039646329609,0.7877548935912823,0.839328469364634,0.1988501090060416,0.22863910010495525,0.06276545519916288
LPIPS,MTS flag,2,-15.541953283606423,251,-14.918080584786837,1,0.6238726988195857,4,-0.7933598953311813,0,-0.9026360820883572,0.125,0.5194197994656091,0.615818448016762,8.147867030177343,-5.967220430515691,-5.286380080416565,-14.918080584786837,-10.89315036054736,-11.897576200021618,0.615818448016762,-0.057535794989072485,-0.14447805340347167,-0.7933598953311813,-0.756885434477617,-0.5616233020285915
LPIPS,MTS/TS type,3,-15.541953283606423,247,-14.913451391385662,1,0.6285018922207612,8,0.028181632163208625,0,-0.1634973371029492,2.0,0.35047978692349374,0.9860199304538252,8.147867030177343,-5.596493210622162,-4.908920139329843,-14.913451391385662,-11.508654505718885,-11.417731557836685,0.9860199304538252,0.5126240001670991,0.5489571500318933,0.028181632163208625,-0.8823787044233885,0.32741717853454433
LPIPS,luma mode,4,-15.541953283606423,239,-14.439623018724483,1,1.1023302648819406,16,-1.4227838833242272,0,-1.8052424494153894,0.0625,1.191894760288098,1.2654808632431855,8.147867030177343,-5.515552550850077,-4.883309899792219,-14.439623018724483,-9.412698465544162,-11.406990832823084,1.2654808632431855,0.16686684701201585,0.13965657928761468,-1.4227838833242272,-1.9125660589325164,-0.757744630282634
LPIPS,ISP,5,-15.541953283606423,223,-15.145881618954807,1,0.3960716646516165,32,0.9489967028773045,0,-0.24242685034101633,2.0,0.21285856035288728,2.0586941024289636,8.147867030177343,-5.8836060373215435,-5.103217641085866,-15.145881618954807,-11.665699292642607,-11.647710546632823,2.0586941024289636,1.3633063998079695,1.3347850238702412,0.9489967028773045,-0.3351195601961601,0.9194149370721059
LPIPS,chroma,6,-15.541953283606423,191,-15.002211266101522,1,0.539742017504901,64,-0.500925886140465,0,-0.6539518532709407,2.0,0.026193505194106737,0.08439267070685975,8.147867030177343,-6.1657330503996635,-5.547813238231707,-15.002211266101522,-10.376705147178892,-10.730734136206609,0.08439267070685975,0.13656623926590847,0.06230315619305445,-0.500925886140465,-0.787971321733473,-0.5953657815262299
LPIPS,RDOQ lambda,7,-15.541953283606423,127,-12.03304791214856,1,3.508905371457864,128,0.4058046489356773,1,-1.1548569391613588,1.0,0.8131881474539249,8.465464416217683,8.147867030177343,-2.7673200448016613,-2.3732109178304945,-12.03304791214856,-8.302668038904693,-9.022782363901124,8.147867030177343,-1.9278708525573998,-1.3336732747591176,0.4058046489356773,2.811307998218943,-1.2193567172032131
DISTS,partition,0,-17.304850905305244,254,-11.782079053327651,1,5.522771851977593,1,-7.957544799652939,1,-8.37911726012083,4.0,2.5257192350924873,11.305817797689864,8.147867030177343,5.675890833495654,5.300078668977849,-0.7765283499939633,-11.782079053327651,-1.2827442276898937,8.147867030177343,5.743281114216292,5.482127271681314,0.16219711423053448,-7.957544799652939,0.1121773179737223
DISTS,LFNST index,1,-17.304850905305244,253,-16.32542956799913,1,0.979421337306114,2,-0.680611859466944,0,-2.3971549729330954,0.25,1.9603490145031397,4.126177963781068,8.147867030177343,5.106829918920644,4.79610372472067,-3.7603922806053793,-16.32542956799913,-4.736464534704134,4.126177963781068,3.4026851592442675,3.092629952740598,2.745701873521042,-0.680611859466944,1.677621925958207
DISTS,MTS flag,2,-17.304850905305244,251,-17.032100823148483,1,0.27275008215676166,4,-1.558804411589972,0,-1.558804411589972,0.03125,0.9030648154730693,0.9030648154730693,8.147867030177343,5.161802238537625,4.8149831975415855,-3.9894246174504113,-17.032100823148483,-5.06846181954102,0.9030648154730693,0.5467776041491049,0.4745032338963169,-0.03195691847765747,-1.558804411589972,-0.08374439073502114
DISTS,MTS/TS type,3,-17.304850905305244,247,-17.900280500903325,1,-0.5954295955980804,8,-0.08978329914447843,0,-0.9672961200736704,0.25,1.1130720441826865,1.2734442211704935,8.147867030177343,5.046262830233505,4.77209297880528,-4.260550781281265,-17.900280500903325,-5.165307917297081,1.2734442211704935,1.1060947871177904,1.0993532251133613,0.7904102747174079,-0.08978329914447843,0.7191162060511355
DISTS,luma mode,4,-17.304850905305244,239,-16.57241271245237,1,0.7324381928528751,16,-3.5066268385011052,0,-3.5066268385011052,0.03125,1.984810076176749,1.984810076176749,8.147867030177343,5.114272380302923,4.8090004803906,-3.4754330581897808,-16.57241271245237,-4.811990267845812,1.984810076176749,1.8290969073176049,1.634356499925694,-0.6961387319034062,-3.5066268385011052,-0.20923637986812368
DISTS,ISP,5,-17.304850905305244,223,-16.950334075319248,1,0.35451682998599665,32,0.656286847761663,0,-0.7287830475530591,4.0,0.17708813354406816,2.137478144353606,8.147867030177343,5.01294512638617,4.7334157656149545,-4.016597782864247,-16.950334075319248,-4.975890691260385,2.137478144353606,1.7709651831135256,1.7119942677297633,1.3192485235744214,0.656286847761663,1.113898698380014
DISTS,chroma,6,-17.304850905305244,191,-15.389583868812812,1,1.9152670364924322,64,-1.1785877712201964,0,-1.8053638160636958,2.0,0.241446613687867,0.3727744040533489,8.147867030177343,4.792547878236515,4.481237565006252,-3.6053464045434267,-15.389583868812812,-3.4732821781606544,0.3727744040533489,0.2917291059574422,0.282951586605643,-0.1263884465352333,-1.1785877712201964,-0.8802193177039169
DISTS,RDOQ lambda,7,-17.304850905305244,127,-14.905904486421639,1,2.3989464188836056,128,1.6775301007777887,1,-1.6286621084747306,2.0,0.46212337157637196,12.716216667055031,8.147867030177343,5.346080807435818,5.035397716714464,-3.3564488121246843,-14.905904486421639,-4.508993468492486,8.147867030177343,5.63108206641348,5.156506724819213,6.9044677232467215,1.6775301007777887,2.639946050445432
WD,partition,0,-19.160523595460063,254,-11.787166908501556,1,7.373356686958507,1,-9.020630902245449,1,-9.233473206121664,0.5,5.674542447096434,8.723702463071367,8.147867030177343,-6.267023552422994,-5.104078384876146,-8.873263876170489,-10.855783323694492,-11.787166908501556,8.147867030177343,-3.6922968440055555,-3.083292559844603,-5.645689679396667,-7.540580015555674,-9.020630902245449
WD,LFNST index,1,-19.160523595460063,253,-17.761796297070127,1,1.398727298389936,2,-1.7872793411623118,0,-1.9574830798017882,0.125,0.9028524840346516,1.0032919329051648,8.147867030177343,-8.54314589153886,-7.1911467532123705,-12.34582368057037,-13.984487099618633,-17.761796297070127,1.0032919329051648,-0.3896946398890336,-0.33087412734969784,-1.4912380439746336,-2.8522993267579566,-1.7872793411623118
WD,MTS flag,2,-19.160523595460063,251,-18.819155247611025,1,0.3413683478490377,4,-0.7600756859761342,0,-0.7600756859761342,0.0625,0.5710932356472243,0.5710932356472243,8.147867030177343,-8.817955742429348,-7.496202660625611,-12.65148454999058,-14.02645848578759,-18.819155247611025,0.5710932356472243,-0.7711506409210583,-0.6690880080666424,-0.9413784231571052,-1.413907954416348,-0.7600756859761342
WD,MTS/TS type,3,-19.160523595460063,247,-19.020785573902103,1,0.13973802155796022,8,0.44842113764139535,0,-0.03706496300215865,4.0,0.11224627922843076,0.9467115377794905,8.147867030177343,-8.966529435742746,-7.565902427877416,-12.807708948411497,-14.816907864312924,-19.020785573902103,0.9467115377794905,0.7901970946925824,0.7172225362867038,0.5568669066283816,-0.2772079608115993,0.44842113764139535
WD,luma mode,4,-19.160523595460063,239,-17.996332365758743,1,1.16419122970132,16,-1.5255706064064476,0,-1.6805941308864536,0.0625,1.1244094669482405,1.2082083239051697,8.147867030177343,-7.364827329041551,-6.3534278518988625,-11.830532554615038,-13.729802357065257,-17.996332365758743,1.2082083239051697,-1.592593430213278,-1.340914854917217,-1.4366151586535827,-2.1588175410555936,-1.5255706064064476
WD,ISP,5,-19.160523595460063,223,-18.546093121615755,1,0.6144304738443083,32,0.0876905916755132,0,-0.33343598868845103,2.0,0.18292167624251868,1.0026217318885893,8.147867030177343,-8.737794464027415,-7.223233912964253,-12.80039009805399,-14.48977571256065,-18.546093121615755,1.0026217318885893,0.299864508541083,0.3492019487206339,0.15040742145587954,-0.30718323434692013,0.0876905916755132
WD,chroma,6,-19.160523595460063,191,-15.147424552942065,1,4.013099042517998,64,-2.705463660421088,0,-2.705463660421088,0.0625,0.3842327574812084,0.3842327574812084,8.147867030177343,-9.988110794823726,-8.545635158565021,-11.910960726880372,-12.765422351113214,-15.147424552942065,0.3842327574812084,0.3675238945942563,0.36496610327745405,-0.7830050939819593,-1.044696976165528,-2.705463660421088
WD,RDOQ lambda,7,-19.160523595460063,127,-17.84724212355698,1,1.3132814719030819,128,-3.0090388448741394,0,-3.0589733419622434,0.0625,4.015948983215215,4.689318538127661,8.147867030177343,-8.100668780058795,-6.827957476391421,-11.960956877541314,-13.628044620677445,-17.84724212355698,4.689318538127661,-1.879464098243817,-1.601193502218034,-1.0047813625450563,-0.30722090768751503,-3.0090388448741394
